lineId,dialogueLineType,toLine,personName,content,eventFore,eventForeArgs,eventMain,eventMainArgs,eventAfter,eventAfterArgs,,
A001,TitleLine,A002,,梦中\n弃我去者,,,,,BlackOn,0.01,,
A002,NarrationLine,A003,？？,“嗨，醒醒。”,,,,,CGLoad,"full,Sprites/CG/Train",,
A003,NarrationLine,A004,,他很轻地触碰你，好像并不是为了完全叫醒你。,BlackOff,0.5,,,,,,
A004,NarrationLine,A005,,你的眼皮很沉。,,,,,,,,
A005,NarrationLine,A006,,他错身从前排的座位和你之间挤过，然后拿上外套，\n你听见布料摩挲的声音。他戴上围巾，外面很冷。,,,,,,,,
A006,NarrationLine,A007,,而车厢里很暖和。你的身体很沉。你的内心在尖叫，\n必须拦下他，必须，必须。不能让他下车，,,,,,,,,
A007,NarrationLine,A008,,奇怪，是下车还是上车？你记不清了，因为你反反复复地做这个梦。\n有时他半途下车，有时你去站台送他。他总是悄悄地溜走了似的，\n你们好像一次也没有道别。,,,,,,,,
A008,NarrationLine,A009,,你的内心在尖叫，但是车厢里很温暖。身体很沉，你连手指头都动不了。,,,,,,,,
A009,NarrationLine,A010,,门关了，你知道他下车了。,,,,,,,,
A010,NarrationLine,A011,,车厢里开始下雪了，你的眼前一片漆黑。,,,,,,,,
A011,ControlLine,A012,,,BlackOn,0.5,,,,,,
A012,NarrationLine,A013,,世界无边无际。空无一物。,CGUnload,full,,,,,,
A013,NarrationLine,A014,,会不会是你梦到了一切、所有的一切？,Style,Utopia,,,,,,
A014,ControlLine,A015,,,BlackOn,0.5,,,,,,
A015,NarrationLine,A016,,,BlackOff,0.5,,,,,,
A016,TitleLine,A017,,Day1|乌托邦,,,,,,,,
A017,NarrationLine,A018,警员,晚上好，老板。,HumanLoad,"0,Utopia_Police",,,,,,
A018,NarrationLine,A019,警员,月之节愉快。很高兴看到你还活着。,,,,,,,,
A019,ChooseLine,,,,,,,,,,,
A020,ChoiceLine,A022,,“……请问你是？”,,,,,,,,
A021,ChoiceLine,A041,,“暂时还死不了。”,,,,,,,,
A022,NarrationLine,A023,,笨蛋。很显然，\n有个人跟你套近乎，但你想不起他是谁了。\n一般来说，你就不能假装认识他吗？,,,,,,,,
A023,NarrationLine,A024,,你该不会连你失忆了这件事本身也忘掉了吧？,,,,,,,,
A024,ChooseLine,,,,,,,,,,,
A025,ChoiceLine,A027,,……请问你又是？,,,,,,,,
A026,ChoiceLine,A038,,（保持沉默）,,,,,,,,
A027,NarrationLine,A028,,完了，全完了，看起来永夜终于把你的脑子彻底烧坏了。,,,,,,,,
A028,NarrationLine,A029,,让我静一静，别再说蠢话了。\n另外，你可以把我理解成幻觉。\n所以最好不要在别人眼皮底下和我这个不存在的幻觉讲话，明白吗？,,,,,,,,
A029,ChooseLine,,,,,,,,,,,
A030,ChoiceLine,A033,,“好的。”,,,,,,,,
A031,ChoiceLine,A033,,“是你先向我搭话的。”,,,,,,,,
A032,ChoiceLine,A036,,（保持沉默）,,,,,,,,
A033,NarrationLine,A034,,你听到了摔门声和重重的脚步声，在你的脑海里。,,,,,,,,
A034,NarrationLine,A035,,就像你脑子里有一位任性的幻想朋友，\n还有一个属于他的幻想出来的房间，\n现在他气得走开了。,,,,,,,,
A035,NarrationLine,A048,,这样你就能专心应对眼前实实在在的客人了。,,,,,,,,
A036,NarrationLine,A037,,很好，你听从了劝告。,,,,,,,,
A037,NarrationLine,A048,,该专心应对眼前实实在在的客人了。,,,,,,,,
A038,NarrationLine,A039,,你没有看到第二位说话者，他源自于你的幻想。,,,,,,,,
A039,NarrationLine,A040,,听起来很疯狂，但至少他的提醒是对的。\n你不记得常识以外的任何东西，却被要求经营这家酒馆。,,,,,,,,
A040,NarrationLine,A048,,最好小心行事。,,,,,,,,
A041,NarrationLine,A042,,聪明的回答。顺着他的话说下去。,,,,,,,,
A042,NarrationLine,A043,,因为你根本就不认识这位客人，你不认识任何人。,,,,,,,,
A043,NarrationLine,A044,,上周发生了一些小事故，让你失去了常识之外的一切记忆。,,,,,,,,
A044,NarrationLine,A045,,他叫你“老板”，所以他应该是常客。,,,,,,,,
A045,NarrationLine,A046,,遗憾的是，其实你不是这间酒馆的老板，\n你只是一位工作是“假装老板”的员工而已。,,,,,,,,
A046,MindLine,A047,脑海中的声音,“真倒霉，如果发现自己失忆前是百万富翁该多好啊。”,,,,,,,,
A047,NarrationLine,A048,,嘘，别搭理他。,,,,,,,,
A048,NarrationLine,A049,警员,您还是这么爱开玩笑。,,,,,,,,
A049,NarrationLine,A050,警员,那么……,,,,,,,,
A050,NarrationLine,A051,,拜托，别点酒，你根本不记得什么配方！\n实在要点的话，至少别说“老规矩”，那种自我中心的客人最讨厌了！\n根本！没人！记得你们爱喝什么！,,,,,,,,
A051,NarrationLine,A052,,你幻想中的朋友一直如此吵闹吗？,,,,,,,,
A052,NarrationLine,A053,警员,老样子。,,,,,,,,
A053,NarrationLine,A054,警员,我要一杯【理性】。,,,,,,,,
A054,MindLine,A055,脑海中的声音,“哦，好极了！”,,,,,,,,
A055,MindChooseLine,,,,,,,,,,,
A056,ChoiceLine,A057,（脑海选项）,有什么好的？,,,,,,,,
A057,MindLine,A058,脑海中的声音,“你什么都不记得了，\n当然也包括‘老样子’配方对吧。”,,,,,,,,
A058,MindLine,A059,脑海中的声音,“……要不试着\n随便倒点什么端上去吧？\n偶尔也有这样随性的调酒师呢。\n会很有趣的。”,,,,,,,,
A059,MindChooseLine,,,,,,,,,,,
A060,ChoiceLine,A061,（脑海选项）,……,,,,,,,,
A061,MindLine,A062,脑海中的声音,当然，你只是在“想着”\n和这位朋友对话而已，\n你很聪明，\n不是所有的交流都需要宣之于口。\n看起来你们进行得很顺利，只是，,,,,,,,,
A062,MindLine,A063,脑海中的声音,对于这位客人来说，\n你走神的时间有点太长了？\n他穿着看起来像是制服的套装，\n一丝多余的褶皱也没有。,,,,,,,,
A063,MindLine,A064,脑海中的声音,也许他刚刚下班，或是正要上班。\n你读不出更多可以作为线索的情绪。\n至于你走神的状况，他耐心地等着，甚至有些……超出通常范围的尊重？,,,,,,,,
A064,MindLine,A065,脑海中的声音,“好吧，总而言之呢——\n如果你需要帮助的话，\n失忆前的你还算是写了本配方的。\n不过那种东西应该叫谜语而不是调制指南吧……应该就放在店里来着？”,,,,,,,,
A065,MindChooseLine,,,,,,,,,,,
A066,ChoiceLine,A067,（脑海选项）,为什么不写得简单点？,,,,,,,,
A067,MindLine,A068,脑海中的声音,“据某个阴沉的家伙说，\n是为了防盗哦。”,,,,,,,,
A068,MindLine,A069,脑海中的声音,“好啦快点上酒吧，传奇调酒师！”\n他甚至吹了一声口哨来为你开场。,,,,,,,,
A069,GameLine,A070,,调酒流程,,,,,,,,
A070,NarrationLine,A071,警员,谢谢。,Style,Utopia,HumanLoad,"0,Utopia_Police",,,,
A071,ControlLine,,,"正确的酒->A072, 不被识别的酒->A082, 其他的酒->A089",,,,,,,,
A072,MindLine,A073,脑海中的声音,他看起来松了一口气？,,,,,,,,
A073,MindChooseLine,,,,,,,,,,,
A074,ChoiceLine,A075,（脑海选项1）,只是下班后来一杯？,,,,,,,,
A075,ChoiceLine,A076,（脑海选项2）,这是某种测试吗？,,,,,,,,
A076,MindLine,A077,脑海中的声音,为了确认你有没有失忆。\n假设是这样，那么他知道你失忆的可能性或是传闻。,,,,,,,,
A077,MindLine,A078,脑海中的声音,但是，有这种必要吗？\n调酒师失忆，\n这能造成什么了不得的事呢？,,,,,,,,
A078,MindChooseLine,,,,,,,,,,,
A079,ChoiceLine,A080,（脑海选项）,点单时不能再说“给我来一杯老样子”了？,,,,,,,,
A080,ChoiceLine,A081,（脑海选项）,独家秘方失传？,,,,,,,,
A081,MindLine,A096,脑海中的声音,“你会知道的。”\n你的脑中朋友轻轻地笑了。\n不安的预感一闪而过。,,,,,,,,
A082,MindLine,A083,脑海中的声音,他看起来有些失望？,,,,,,,,
A083,MindChooseLine,,,,,,,,,,,
A084,ChoiceLine,A085,（脑海选项）,看来我搞砸了。,,,,,,,,
A085,MindLine,A086,脑海中的声音,这失望不是“看看你都做了什么”，\n而是“原来如此”,,,,,,,,
A086,MindChooseLine,,,,,,,,,,,
A087,ChoiceLine,A088,（脑海选项）,……所以我不是那种喜欢即兴发挥的有趣调酒师。,,,,,,,,
A088,ChoiceLine,A096,（脑海选项）,也许他在确认某件事。,,,,,,,,
A089,MindLine,A090,脑海中的声音,他看起来有些意外？,,,,,,,,
A090,MindChooseLine,,,,,,,,,,,
A091,ChoiceLine,A092,（脑海选项）,……可能我不是那种喜欢即兴发挥的有趣调酒师？,,,,,,,,
A092,NarrationLine,A093,警员,也对，偶尔也会有这样的情况。,,,,,,,,
A093,NarrationLine,A094,警员,如果你能在别的事上也给我一些意外的惊喜就好了。,,,,,,,,
A094,NarrationLine,A095,,短暂的惊讶过后，他看起来松了一口气？\n然后露出了一种“万事拜托了”的神情。,,,,,,,,
A095,MindLine,A096,脑海中的声音,那么他有“别的事”要拜托你？\n现在你更搞不清状况了。,,,,,,,,
A096,MindLine,A097,脑海中的声音,他沉默地、缓慢地品尝着。\n店里没有其他的客人。\n你们相顾无言。,,,,,,,,
A097,MindLine,A098,脑海中的声音,或许，你应该聊点什么？\n毕竟他先向你打招呼了。\n你们可能认识了不短的时间。\n熟客和调酒师之间\n应该聊点什么才好？,,,,,,,,
A098,MindLine,A099,脑海中的声音,“你一向不擅长在喝酒时聊天呢。”你幻想的朋友轻轻地说道，\n好像很怀念似的。,,,,,,,,
A099,MindLine,A100,脑海中的声音,忘掉吧，忘掉吧，你不能想起来。,,,,,,,,
A100,ChooseLine,,,,,,,,,,,
A101,ChoiceLine,A105,选项1,“月之节愉快？”,,,,,,,,
A102,ChoiceLine,A119,选项2,“夜景很漂亮。”,,,,,,,,
A103,ChoiceLine,A125,选项3,“最近怎么样？”,,,,,,,,
A104,ChoiceLine,A135,选项4,（保持沉默）,,,,,,,,
A105,NarrationLine,A106,警员,嗯？哦。是的。月之节愉快。,,,,,,,,
A106,MindLine,A107,脑海中的声音,他有些意外，毕竟他向你说“月之节愉快”已经是至少五分钟前的事了。\n你可真是聊天的天才。\n别担心，人们喜欢天才……\n反正有些人喜欢。,,,,,,,,
A107,NarrationLine,A108,警员,对了，您来到这里还不到一年……,,,,,,,,
A108,MindLine,A109,脑海中的声音,他意识到这里没有其他客人，\n对于一个节日来说，生意糟糕透顶。,,,,,,,,
A109,NarrationLine,A110,警员,本来呢，这是一个很热闹的节日，\n尤其是对于一间酒吧来说，毕竟这是属于酒神的节日。,,,,,,,,
A110,ChooseLine,,,,,,,,,,,
A111,ChoiceLine,A112,单选项,月之节不应该属于月神吗？,,,,,,,,
A112,NarrationLine,A113,警员,字面上来看是这样，但是与日神相对的并不是月神，而是酒神。\n于是月亮和饮酒关联起来，节日的重点也慢慢转移到了饮酒作乐，\n毕竟乌庇亚的居民总是严肃且严谨的，一个特定的放松日对大家都好。,,,,,,,,
A113,NarrationLine,A114,警员,但是今年出于一些安全考虑，今年酒神游行被取消了。,,,,,,,,
A114,ChooseLine,,,,,,,,,,,
A115,ChoiceLine,A117,选项1-a,“节日被还给了月亮。”,,,,,,,,
A116,ChoiceLine,A118,选项1-b,“你就可以放一天假了。”,,,,,,,,
A117,NarrationLine,A100,警员,也可以这么说吧。人们不去游行和饮酒，就只剩下欣赏月色了吧？,,,,,,,,
A118,NarrationLine,A100,警员,你看，也不全是坏事对吧？,,,,,,,,
A119,NarrationLine,A120,,他回过头去看向窗外，月色皎洁，城市的灯光如同地上繁星，无事发生。\n他困惑地看了片刻，才明白你指的就是这样的夜景。,,,,,,,,
A120,NarrationLine,A121,警员,是的，很漂亮。,,,,,,,,
A121,NarrationLine,A122,警员,我讨厌夜班，值夜班以前，我也喜欢乌庇亚的夜景。,,,,,,,,
A122,NarrationLine,A123,警员,但是，它还是一座很棒的城市对吧？,,,,,,,,
A123,MindLine,A124,脑海中的声音,他在问，\n但是他没有期待你给他一个答案。\n“还是”很棒的城市。\n这座城市一定是发生了什么改变。,,,,,,,,
A124,MindLine,A100,脑海中的声音,“上夜班，加班，\n加班，然后去深夜的酒吧喝酒。\n于是夜色也终有一天引人憎恨，\n总是这样。”\n原来幻想中的朋友也要加班吗？那他赶紧离开你的脑海不就可以下班了？,,,,,,,,
A125,NarrationLine,A126,警员,糟透了，托那群恐怖分子的福。,,,,,,,,
A126,NarrationLine,A127,,他仰头饮下一大口酒。他点的酒度数不低，\n你想象酒精一路高歌而下，在他的胃里烧灼，产生温暖的错觉。,,,,,,,,
A127,NarrationLine,A128,警员,乌庇亚从来没有像今天这样……过。,,,,,,,,
A128,MindLine,A129,脑海中的声音,像今天是什么样？,,,,,,,,
A129,NarrationLine,A130,警员,我们的城市是理性的造物，思想者的国度，平等的家园。,,,,,,,,
A130,MindLine,A131,脑海中的声音,他说着，像是重复一句誓言。,,,,,,,,
A131,MindLine,A132,脑海中的声音,“倘若你不是一个失忆的人，\n就会明白：世上没有这样的地方。”,,,,,,,,
A132,NarrationLine,A133,警员,我愿让它夜夜如此。,,,,,,,,
A133,MindLine,A134,脑海中的声音,他说着，像是要劝服自己深信不疑。,,,,,,,,
A134,NarrationLine,A100,,你点点头，表示对他工作的赞叹，或者是仅仅表示了同情。\n他仰头饮下一口酒，神色恢复如常。\n一位和蔼又尽责的警员。看起来是这样。,,,,,,,,
A135,NarrationLine,A136,,微妙而恰当的沉默在你们当中盘桓，直到他喝完了杯中的酒。,,,,,,,,
A136,NarrationLine,A137,警员,嗯……请再给我一杯【新月】。,,,,,,,,
A137,MindLine,A138,脑海中的声音,他犹豫了片刻，但语气很确定。\n如果你想推销新口味，\n这不是个好时机。,,,,,,,,
A138,GameLine,A139,,调酒流程,,,,,,,,
A139,MindLine,A140,脑海中的声音,很幸运，这款酒有完整且准确的配方，你按部就班，很快完成了调制。,,,,,,,,
A140,MindLine,A141,脑海中的声音,但显然你的幸运没能持续——,,,,,,,,
A141,NarrationLine,A142,,你把雪克杯中的酒液倒入杯子，\n就像一个魔术，酒液在你的眼皮子底下消失了。,,,,,,,,
A142,ChooseLine,,,,,,,,,,,
A143,ChoiceLine,A144,单选项,（搞什么鬼？）,,,,,,,,
A144,NarrationLine,A145,,你下意识地擦拭吧台和酒杯底座，没有，什么都没有，干干净净。\n客人略带疑惑地看着你。怎么办，要上酒吗？,,,,,,,,
A145,ChooseLine,,,,,,,,,,,
A146,ChoiceLine,A148,选项1,上酒,,,,,,,,
A147,ChoiceLine,A138,选项2,倒掉重来,,,,,,,,
A148,NarrationLine,A149,警员,谢谢。,Style,Utopia,HumanLoad,"0,Utopia_Police",,,,
A149,NarrationLine,A150,,他举起酒杯自然地喝了一口，你听到冰块和杯壁相碰的轻响。,,,,,,,,
A150,NarrationLine,A151,,你太过紧张，以至于没有察觉，\n刚才拿在手中看起来空无一物的酒杯，重量是盛满了酒水的正常重量。,,,,,,,,
A151,NarrationLine,A152,,新月，严格来说，新月是看不见的，即使新月时月亮仍在原处。,,,,,,,,
A152,MindLine,A153,脑海中的声音,发明这款酒品并且写下配方时，你肯定没想过这会吓坏失忆后的自己。,,,,,,,,
A153,MindLine,A154,脑海中的声音,那本“比起调酒配方更像是谜语集”的册子里，\n还有多少可笑的小把戏在等着你？\n你开始后悔当个有幽默感的人了。,,,,,,,,
A154,MindLine,A155,脑海中的声音,如果这位客人不是偏爱这款酒的味道，那么他就是为你的幽默感捧场的受众。,,,,,,,,
A155,MindLine,A156,脑海中的声音,他轻轻地晃动酒杯，\n这个动作对于酒水的味道毫无影响，\n他喜欢听冰块的声音。,,,,,,,,
A156,ChooseLine,,,,,,,,,,,
A157,ChoiceLine,A159,选项1,“你能看见‘新月’吗？”,,,,,,,,
A158,ChoiceLine,A172,选项2,“你喜欢这款酒。”,,,,,,,,
A159,NarrationLine,A160,,你轻声说道，鬼使神差一般。\n没人知道你问的是杯中酒、天上月，还是更加晦涩的、其隐喻的事物。,,,,,,,,
A160,MindLine,A161,脑海中的声音,他笑着摇了摇头。,,,,,,,,
A161,NarrationLine,A162,警员,您能让它隐形，而我只是个普通人，只能赞美和品尝。\n假设一个魔术师的能力刚好是看穿另一个魔术师的把戏，\n那不就和两个普通人没有两样了吗？,,,,,,,,
A162,MindLine,A163,脑海中的声音,他不知道，这魔术并非来源于你，\n而是这间酒馆。,,,,,,,,
A163,NarrationLine,A164,警员,您告诉我它在杯子里，我就会端起来喝下它。规则就是这样。\n老板，有时候我忍不住想，失明的人是不是也必须像这样信任他人？,,,,,,,,
A164,MindLine,A165,脑海中的声音,他显然在暗示些什么，但很遗憾，\n你不知道。,,,,,,,,
A165,ChooseLine,,,,,,,,,,,
A166,ChoiceLine,A168,选项1a,（保持沉默）,,,,,,,,
A167,ChoiceLine,A169,选项1b,“假如我给你下毒呢？”,,,,,,,,
A168,NarrationLine,A176,,你报以一个公式化的微笑，保持了适度的神秘感。,,,,,,,,
A169,NarrationLine,A170,,他愣了一下，还是毫无芥蒂地继续喝下一口酒，至少他表现得很镇定。,,,,,,,,
A170,MindLine,A171,脑海中的声音,你幻想中的朋友笑了，\n但他还是批评道：\n“噢，糟糕的笑话。”,,,,,,,,
A171,NarrationLine,A176,警员,……那我也只有喝下去才会知道了。,,,,,,,,
A172,NarrationLine,A173,警员,许多迷人的存在都是不可见的。,,,,,,,,
A173,NarrationLine,A174,警员,虽然我不知道您是怎么做到的……我喜欢这个魔术。,,,,,,,,
A174,MindLine,A175,脑海中的声音,他不知道，这魔术并非来源于你，\n而是这间酒馆。,,,,,,,,
A175,NarrationLine,A176,警员,不过，我尽量少点它，以防我因为习以为常而不再赞叹。,,,,,,,,
A176,NarrationLine,A177,,杯中的酒大概是喝完了。他抬起头，确认了墙上的挂钟。,,,,,,,,
A177,NarrationLine,A178,警员,我该走了，快到夜班的时间了。,,,,,,,,
A178,MindLine,A179,脑海中的声音,你惊讶于他准备在酒后执勤。,,,,,,,,
A179,NarrationLine,A180,警员,今晚会很忙的。,,,,,,,,
A180,MindLine,A181,脑海中的声音,他摸索着大衣口袋，\n似乎下定了决心。,,,,,,,,
A181,NarrationLine,A182,,他把酒钱，拢在手心，放在吧台上，直直地推到你面前。\n你看到了那堆货币，立即意识到那是最大的面额，<b>那是一大笔钱。</b>,,,,,,,,
A182,NarrationLine,A183,警员,这是今天的酒钱，还有下一次的定金，务必帮我留个座位，老板。,,,,,,,,
A183,MindLine,A184,脑海中的声音,那可是一大笔钱，\n足够把店里的库存喝干，\n足够让他喝进急救室、喝进坟墓里！\n除非……,,,,,,,,
A184,ChooseLine,,,,,,,,,,,
A185,ChoiceLine,A188,选项1,“你想喝些什么奢侈的名酒吗？”,,,,,,,,
A186,ChoiceLine,A189,选项2,“如你所见，这里的生意远没到需要采用预约制的地步。”,,,,,,,,
A187,ChoiceLine,A190,选项3,“这是找零。”,,,,,,,,
A188,NarrationLine,A191,,这笔数额远远超过了市面上酒水品类的价位，\n你以为他会给你购物清单，或是说出几个酒庄的名字，便于你准备。,,,,,,,,
A189,NarrationLine,A191,,你对吧台上的那笔巨款无动于衷，冷静地解释道。,,,,,,,,
A190,NarrationLine,A191,,你谨慎地从那堆亮晶晶的钱币里挑出一枚，\n以为这是个不胜酒力的小失误。,,,,,,,,
A191,NarrationLine,A192,,但事情没有这么简单。在沉默之中，你特别的客人微微皱起了眉。,,,,,,,,
A192,MindLine,A193,脑海中的声音,“终于有真正的生意上门了。”,,,,,,,,
A193,MindLine,A194,脑海中的声音,你幻想中的朋友肯定知道点什么。,,,,,,,,
A194,MindChooseLine,,,,,,,,,,,
A195,ChoiceLine,A196,（脑海选项）,拜托，给我一点提示。,,,,,,,,
A196,MindLine,A197,脑海中的声音,没有回应。你能想到，\n他伸了一个懒腰，像一只悠闲的猫。,,,,,,,,
A197,NarrationLine,A198,,已经不在原处的记忆，它们毕竟存在过，为你提供了某种直觉。\n或是出于你原本谨慎的性格，无论如何——\n你不该收下这笔钱，因为背后有个你绝对不想承接的要求。,,,,,,,,
A198,ChooseLine,,,,,,,,,,,
A199,ChoiceLine,A202,选项1,“抱歉，这超过了本店的经营范围。”,,,,,,,,
A200,ChoiceLine,A202,选项2,“……请原谅，我没明白你的意思。”,,,,,,,,
A201,ChoiceLine,A225,选项3,保持沉默，等他开口。,,,,,,,,
A202,NarrationLine,A203,,他没有要把钱收回的意思。这是个不容置否的请求。,,,,,,,,
A203,ChooseLine,,,,,,,,,,,
A204,ChoiceLine,A206,选项1,“我想，考虑到您的职业，您应该比我更清楚。”,,,,,,,,
A205,ChoiceLine,A225,选项2,保持沉默，等他开口。,,,,,,,,
A206,NarrationLine,A207,,他在想什么？你又在想什么？,,,,,,,,
A207,ChooseLine,,,,,,,,,,,
A208,ChoiceLine,A225,选项1,呃……（你真的要这么做？）,,,,,,,,
A209,ChoiceLine,A210,选项2,保持沉默，等他开口。,,,,,,,,
A210,ChooseLine,,,,,,,,,,,
A211,ChoiceLine,A212,选项,“本店不提供不合法的业务……”,,,,,,,,
A212,ChooseLine,,,,,,,,,,,
A213,ChoiceLine,A214,选项,“为什么您要如此坚持呢，我们没有那么熟悉不是吗？”,,,,,,,,
A214,ChooseLine,,,,,,,,,,,
A215,ChoiceLine,A216,选项,“……难道您迷恋的是我的身体？”,,,,,,,,
A216,NarrationLine,A217,警员,唔，咳。,,,,,,,,
A217,NarrationLine,A218,警员,咳，咳咳！,,,,,,,,
A218,NarrationLine,A219,,你语出惊人，害得他呛到了。\n所幸他没在喝酒，否则一定会把你精心调制的饮品喷到你脸上。,,,,,,,,
A219,MindLine,A220,脑海中的声音,你幻想中的朋友则是笑得够呛。,,,,,,,,
A220,NarrationLine,A221,警员,为什么会这么想、您脑子里现在装的都是什么？,,,,,,,,
A221,MindLine,A222,脑海中的声音,好消息是，\n你成功活跃了紧张的气氛。\n代价是，现在你们两个人都感觉像是遭到了对方的性骚扰。,,,,,,,,
A222,MindLine,A223,脑海中的声音,他闭上眼睛，\n很可能翻了个不可见的白眼，\n祈祷着尴尬的气氛尽快过去。,,,,,,,,
A223,MindLine,A224,脑海中的声音,为了避免鸡同鸭讲的闹剧继续上演，\n他决定开诚布公。,,,,,,,,
A224,NarrationLine,A225,警员,好吧。,,,,,,,,
A225,NarrationLine,A226,警员,关于您停业的这些天，我听说了一点传闻。,,,,,,,,
A226,NarrationLine,A227,警员,我宁愿那只是没有根据的传言。,,,,,,,,
A227,NarrationLine,A228,警员,我听说，您失去了记忆。,,,,,,,,
A228,MindLine,A229,,他停了片刻，观察你的反应。,,,,,,,,
A229,ChooseLine,,,,,,,,,,,
A230,ChoiceLine,A232,选项1,承认。,,,,,,,,
A231,ChoiceLine,A232,选项2,否认。,,,,,,,,
A232,NarrationLine,A233,,不，他没打算听取你的回答。,,,,,,,,
A233,NarrationLine,A234,警员,假设您真的失忆了，考虑到<b>您曾做过的事情</b>……会有很多人找上您，\n我们不认为您有能力处理。为了防止潜在的危险爆发成暴力事件，\n我们会移除这间酒馆。,,,,,,,,
A234,NarrationLine,A235,警员,假设您没有失忆，就是有其他的打算而不愿意合作\n——那我们也只能移除这间酒馆。,,,,,,,,
A235,NarrationLine,A236,,几乎是对你下达的判决。,,,,,,,,
A236,MindLine,A237,脑海中的声音,他用了“我们”这个词，\n所以这是官方的请求和态度，\n但没有文件的约束。,,,,,,,,
A237,MindLine,A238,脑海中的声音,那会是何种彻底的“移除”呢？,,,,,,,,
A238,ChooseLine,,,,,,,,,,,
A239,ChoiceLine,A241,选项1,答应下来。,,,,,,,,
A240,ChoiceLine,A241,选项2,只能答应下来。,,,,,,,,
A241,NarrationLine,A242,,你把那一小堆钱币收了起来。,,,,,,,,
A242,MindLine,A243,,这些钱币很新，光滑的表面几乎灼烫了你，使你难安。,,,,,,,,
A243,ChooseLine,,,,,,,,,,,
A244,ChoiceLine,A245,选项,“确认一下要求吧。”,,,,,,,,
A245,NarrationLine,A246,警员,<b>关于“黑色的弓”或是“梦旅者”，给我至少一个名字。</b>,,,,,,,,
A246,NarrationLine,A247,警员,这是两件事，可能有关系，也可能没有。,,,,,,,,
A247,NarrationLine,A248,警员,我知道您的工作有时需要一些……灵感。\n所以无论哪个都可以。\n为我提供一个线头，让我的工作能有个头绪。,,,,,,,,
A248,MindLine,A249,,看来你是一位情报商，\n既令人尊敬，又不那么光彩的那种。\n至少在失忆之前是。,,,,,,,,
A249,NarrationLine,A250,警员,下次我再来店里时，希望您已经准备好了。\n<b>酒馆的时间和乌庇亚不同，所以对您来说是充裕的。</b>,,,,,,,,
A250,NarrationLine,A251,警员,另外提醒您一句……做好您该做的，其余的最好不要问。,,,,,,,,
A251,MindLine,A252,脑海中的声音,你有点想说：什么事不要问？\n但那可能也属于不要问的范畴。,,,,,,,,
A252,MindChooseLine,,,,,,,,,,,
A253,ChoiceLine,A254,脑海选项,天呐，我真的做过这样的工作？,,,,,,,,
A254,MindLine,A255,脑海中的声音,你总觉得自己应该在出外勤，\n或者坐在办公桌前录入文书，\n做个神秘的调酒师对你来说已经有点超出了预期，更不要提——,,,,,,,,
A255,MindChooseLine,,,,,,,,,,,
A256,ChoiceLine,A257,脑海选项,等等，我之前是做什么的？,,,,,,,,
A257,MindLine,A258,脑海中的声音,不，不要问，\n忘掉吧，你不能想起来。,,,,,,,,
A258,NarrationLine,A259,警员,我该走了。下次见。,,,,,HumanUnload,0,,
A259,NarrationLine,A260,,他离开了，你从压力中得以喘息，\n正想坐下来长舒一口气，下一位客人就走了进来。,,,,,,,,
A260,MindLine,A261,,深呼吸进行到一半，你只好平缓地、慢慢地吐气，尽量不让自己的情绪表现出来。,,,,,,,,
A261,NarrationLine,A262,？？,看起来我来得不是时候，打扰您休息了吗？,HumanLoad,"0,thalen",,,,,,
A262,MindLine,A263,,哦，好吧，被他看出来了。\n你的职业素养有待提高。,,,,,,,,
A263,ChooseLine,,,,,,,,,,,
A264,ChoiceLine,A265,选项（仅1个）,“请进，正在营业中。”,,,,,,,,
A265,ChooseLine,,,,,,,,,,,
A266,ChoiceLine,A267,选项（仅1个）,“喝点什么？”,,,,,,,,
A267,NarrationLine,A268,和善的青年,一杯【尼格罗尼】,,,,,,,,
A268,MindLine,A269,脑海中的声音,一种苦涩的开胃酒。有品位的选择。\n甜味能为浓烈的风味提供一点平衡，但这仍然是一杯苦涩的酒。,,,,,,,,
A269,GameLine,A270,,调酒流程,,,,,,,,
A270,ControlLine,A271,,"正确的酒->A271, 其他的酒->A273",Style,Utopia,HumanLoad,"0,thalen",,,,
A271,NarrationLine,A272,和善的青年,谢谢。,,,,,,,,
A272,MindLine,A273,脑海中的声音,有些客人会要求换掉其中的坎帕里酒，得到一杯不那么苦的改良版，\n或者说改劣版。,,,,,,,,
A273,NarrationLine,A274,和善的青年,谢谢。,,,,,,,,
A274,MindLine,A275,脑海中的声音,“那不是尼格罗尼吧喂。”,,,,,,,,
A275,MindLine,A276,脑海中的声音,客人没说什么。\n有三种可能：他不知道什么是尼格罗尼、他以为这是本店特制改良版、\n他不在乎。\n三种可能性有着鲜明的性格，\n不知道他是哪一种。,,,,,,,,
A276,MindLine,A277,脑海中的声音,大部分时候你对客人的品味没什么、也不该有什么意见。\n只是，记住客人的风格有利于应对\n“随便给我来一杯”的情况。,,,,,,,,
A277,MindLine,A278,脑海中的声音,“随便”的意思是：我不知道自己想要什么，但你要找出我满意的。\n你怎么知道什么会让他们满意呢？,,,,,,,,
A278,MindLine,A279,脑海中的声音,你想到刚刚收下的那笔钱，\n突然明白了为什么上一位客人临走之前要点“新月”。,,,,,,,,
A279,MindLine,A280,脑海中的声音,他在找某样自己也不知道是什么的东西，因为看不到，所以必须相信你会把它装进杯子里端给他。,,,,,,,,
A280,MindLine,A281,脑海中的声音,你专注于思绪当中，\n不经意间和唯一的客人对上了目光。\n好像应该说点什么，\n但你没有开启话题的心情。\n如果他能主动说点什么就好了，\n你疲惫地想到。,,,,,,,,
A281,NarrationLine,A282,和善的青年,其实刚才我在门口碰到了……,,,,,,,,
A282,MindLine,A283,脑海中的声音,碰到了警官，面色不善的警官。,,,,,,,,
A283,NarrationLine,A284,和善的青年,巡警连月之节都要执勤，真是辛苦。,,,,,,,,
A284,NarrationLine,A285,和善的青年,没出什么事吧？,,,,,,,,
A285,MindLine,A286,脑海中的声音,非常有事！我被一名警官胁迫了！\n他动动手指就能让我这个小破店关门，还有可能把我也*抹脖子手势*了\n并且看起来完全有这个打算！\n我想报警！\n但我被胁迫了所以不能说！\n你在心里大叫。,,,,,,,,
A286,ChooseLine,,,,,,,,,,,
A287,ChoiceLine,A289,选项,没什么。,,,,,,,,
A288,ChoiceLine,A289,选项,只是例行巡查。,,,,,,,,
A289,NarrationLine,A290,和善的青年,我不该提的，是段不愉快的经历吧。,,,,,,,,
A290,MindLine,A291,脑海中的声音,他是如此通情达理。,,,,,,,,
A291,NarrationLine,A292,和善的青年,抱歉，但愿没有给您留下糟糕的印象。,,,,,,,,
A292,ChooseLine,,,,,,,,,,,
A293,ChoiceLine,A294,选项,“为什么你要道歉……？”,,,,,,,,
A294,NarrationLine,A295,和善的青年,嗯……因为我是土生土长的乌庇亚人，这座城市从前不是这样的。,,,,,,,,
A295,NarrationLine,A296,和善的青年,如果我能替那位警官，还有乌庇亚向您致意就好了。,,,,,,,,
A296,MindLine,A297,脑海中的声音,其中的逻辑并不寻常，\n他对这座城市抱有不浅的感情。\n刚才的警员也是如此。,,,,,,,,
A297,ChooseLine,,,,,,,,,,,
A298,ChoiceLine,A302,选项1,“从前是什么样的？”,,,,,,,,
A299,ChoiceLine,A304,选项2,“现在是什么样的？”,,,,,,,,
A300,ChoiceLine,A314,选项3,“怎么变成这样的？,,,,,,,,
A301,ChoiceLine,A320,选项4,（点头）,,,,,,,,
A302,NarrationLine,A303,和善的青年,建立在理想之上、真与善的指引之下的城市，充满热情，\n以探寻的精神和自由的氛围为荣。,,,,,,,,
A303,NarrationLine,A297,和善的青年,嗯……这么说的话，也有点不准确。要说是“从前”，\n它没有消失，只是有些临时性的变化。,HumanChange,"0,thalen_calm",,,,,,
A304,NarrationLine,A305,和善的青年,紧张，冰冷，原本盛大的节日期间，居民却实施自觉的宵禁。\n警察用怀疑的目光盘问几乎每一个人。,,,,,,,,
A305,NarrationLine,A306,和善的青年,几乎一切活动都遭到了审查。,,,,,,,,
A306,ChooseLine,,,,,,,,,,,
A307,ChoiceLine,A308,选项,“审查些什么?”,,,,,,,,
A308,NarrationLine,A309,和善的青年,不知道，我只能看到通过了审查的作品。,,,,,,,,
A309,ChooseLine,,,,,,,,,,,
A310,ChoiceLine,A311,选项,“听起来也没那么坏。”,,,,,,,,
A311,NarrationLine,A312,,他摇头。,,,,,,,,
A312,NarrationLine,A313,和善的青年,对于原本的乌庇亚来说，\n审查本就是多余的、越界的、而且是引起不安的。\n可以说，乌庇亚的每个人都分得清基本的优劣。,,,,,,,,
A313,NarrationLine,A297,和善的青年,更糟的是，没有一个明确的审查标准，\n于是每个人都在用一把不存在的尺子丈量和切割自己。,,,,,,,,
A314,NarrationLine,A315,和善的青年,我想知道，但我不知道。,,,,,,,,
A315,NarrationLine,A316,和善的青年,当我意识到的时候，变化已经发生了。\n好像每件单独的事情发生都合乎情理，但乌庇亚的呼吸被日渐紧扼。\n我们还不曾习惯这样的环境，回过神时却已经深陷其间了。,,,,,,,,
A316,NarrationLine,A317,和善的青年,据说有人，或者说有什么，有将乌庇亚毁灭的可能。,,,,,,,,
A317,NarrationLine,A318,和善的青年,唉，忘了吧，请务必忘掉刚才那句话。传播谣言是被严格禁止的。,,,,,,,,
A318,MindLine,A319,脑海中的声音,你想安慰他。\n无法证实改变，这算是一件好事。\n假如乌庇亚没有变，\n那么这一切症状只是暂时的，\n它总是会变回来的。\n但什么才是改变了呢？\n好像找不到明确的界限。,,,,,,,,
A319,MindLine,A297,脑海中的声音,精神、理想、某种信念或愿景，\n宣之于口的或是不言自明的共识。\n无生命之生命。\n往往是那么生机勃勃，以至于\n当它们开始死亡，没有人意识得到。,,,,,,,,
A320,NarrationLine,A321,和善的青年,如果您记住的是乌庇亚本来的样子就好了，我认为它总会回来的。,HumanChange,"0,thalen",,,,,,
A321,NarrationLine,A322,和善的青年,我说了一些不太适当的话。还是换个话题吧。,,,,,,,,
A322,MindLine,A323,脑海中的声音,他抿了一口酒，\n借此将先前的情绪吞咽下去。,,,,,,,,
A323,NarrationLine,A324,和善的青年,调酒师工作是种怎样的感觉？,,,,,,,,
A324,MindLine,A325,脑海中的声音,"真抱歉，你失忆了，
并且调酒师并不是你的全职工作，
那只是你主营业务的手段或幌子。",,,,,,,,
A325,ChooseLine,,,,,,,,,,,
A326,ChoiceLine,A329,选项1,这是个很宽泛的问题。,,,,,,,,
A327,ChoiceLine,A349,选项2,……就是一份工作的感觉。,,,,,,,,
A328,ChoiceLine,A352,选项3,我不知道，因为我失忆了。,,,,,,,,
A329,MindLine,A330,脑海中的声音,"你保持了中立的态度，
让他给你一个方向。",,,,,,,,
A330,NarrationLine,A331,,比如说你最喜欢这份工作的哪个部分？,,,,,,,,
A331,ChooseLine,,,,,,,,,,,
A332,ChoiceLine,A336,选项1-a,“冰块和饮具的质感。”,,,,,,,,
A333,ChoiceLine,A341,选项1-b,“和客人交谈。”,,,,,,,,
A334,ChoiceLine,A345,选项1-c,“把客人灌醉。”,,,,,,,,
A335,ChoiceLine,A349,选项1-d,“我不喜欢。”,,,,,,,,
A336,NarrationLine,A337,,冰块是很容易有气泡的。应当控制温度让水缓慢地冻结、让气泡有时间散逸，最后用凿子从中雕刻出剔透的立方体、球体、甚至特定的小雕塑。\n容器则有各异的材质和情绪，与每种酒的个性相配。,,,,,,,,
A337,NarrationLine,A338,,有些客人会欣赏，对大部分人来说，它们只是用于呈现饮品的工具而已。至少，你珍视这些隐藏在细节中的魅力，这种隐秘甚至让感觉更好。,,,,,,,,
A338,NarrationLine,A339,和善的青年,是比艺术家更实用的艺术家。,,,,,,,,
A339,MindLine,A340,脑海中的声音,不全是。你的脑海中闪过许多并不美妙的碎片：把闹事的客人扔出店门，打扫地板上的呕吐物……,,,,,,,,
A340,MindLine,A362,脑海中的声音,很多时候，你不得不在一片混乱和肮脏中勉强生存——就像世上大部分试图从事艺术的人一样。,,,,,,,,
A341,NarrationLine,A342,,他们走进来，点一杯或几杯酒，然后像开场了的电影般自顾自放映下去，有时你的视界上浮现出几个选项，你可以在有限的范围内决定话语的航船驶向何方。你学会了享受半自动的航程。,,,,,,,,
A342,MindLine,A343,脑海中的声音,是这样的吗？\n这是你的真心话，\n还是这成为了你的生存手段？,,,,,,,,
A343,MindLine,A344,脑海中的声音,你有时厌烦过分健谈的客人们，\n因为你憎恨倾诉、憎恨眼泪、\n憎恨自己不懂得放弃。,,,,,,,,
A344,MindLine,A362,脑海中的声音,那是属于过去的残响，\n你想从他口中听到些什么，\n但幻想中的朋友对此保持了沉默。,,,,,,,,
A345,NarrationLine,A346,,说是你把他们灌醉了并不准确，人们出于各式各样的理由灌醉自己，\n你所提供的酒精只是诸多手段中的一种。你从中取得了微妙的掌控感。,,,,,,,,
A346,NarrationLine,A347,,当然，其中最棒的部分是喝到某个程度以后，\n你随便端上什么，他们都会照单全收。赞美营业额！,,,,,,,,
A347,NarrationLine,A348,和善的青年,我完全理解这份趣味。,,,,,,,,
A348,NarrationLine,A362,和善的青年,但我还是会尽量避免酗酒的。,,,,,,,,
A349,MindLine,A350,脑海中的声音,你的客人竟然被这个相当冷酷的回答逗笑了，完全能理解你过分的直白。,,,,,,,,
A350,NarrationLine,A351,和善的青年,毕竟是一份工作啊。,,,,,,,,
A351,MindLine,A362,脑海中的声音,你不禁想知道他的职业。,,,,,,,,
A352,NarrationLine,A353,和善的青年,失忆了……？\n就是说，您什么都想不起来了？过去的事情一点都？,HumanChange,"0,thalen_wonder",,,,,,
A353,MindLine,A354,脑海中的声音,他的惊讶溢于言表，\n部分出于失忆现象本身的罕见程度，另一部分则是由于你能对刚见面的人说出如此私人且难以置信的事实。,,,,,,,,
A354,NarrationLine,A355,,“很难相信，对吧？”,,,,,,,,
A355,NarrationLine,A356,和善的青年,不，怎么说呢……我完全相信您。\n如果是说谎的话，反而没必要说出很难相信的事。\n只是……,,,,,,,,
A356,MindLine,A357,脑海中的声音,他总是很亲切。,,,,,,,,
A357,NarrationLine,A358,和善的青年,我都有点羡慕你了。,HumanChange,"0,thalen",,,,,,
A358,MindLine,A359,脑海中的声音,你有种“触底”的感觉。\n好像之前的对话中你一直被承托在水的浮力之上，除了刚刚的哪个瞬间。\n但也不全是。,,,,,,,,
A359,NarrationLine,A360,,为什么羡慕一个失忆的人呢？,,,,,,,,
A360,NarrationLine,A361,和善的青年,因为这也可以是一个机会……可以当中崭新的开始。,,,,,,,,
A361,NarrationLine,A362,和善的青年,可惜我对您也不是很了解，不能提供多少帮助。,,,,,,,,
A362,MindLine,A363,脑海中的声音,你发现他是一个很好的倾听者。\n亲切、包容，总是能部分地理解你话语中的景象或是感受。\n像一张柔软的丝质手绢或是包装纸。,,,,,,,,
A363,MindLine,A364,脑海中的声音,更多时候应该担任倾听者的是调酒师才对。,,,,,,,,
A364,NarrationLine,A365,,“为什么会对调酒师的工作内容感兴趣？”,,,,,,,,
A365,NarrationLine,A366,和善的青年,其实我经常来这里，就坐在窗边的位置。,,,,,,,,
A366,MindLine,A367,,认不出熟客，这让你有些尴尬。,,,,,,,,
A367,ChooseLine,,,,,,,,,,,
A368,ChoiceLine,A369,选项（仅1个）,“我不记得你……真不好意思。”,,,,,,,,
A369,NarrationLine,A370,和善的青年,"这不是您的问题，我总是在高峰的时候来，店里客人不少，
除了点单以外我们还没有私下交谈过。",,,,,,,,
A370,MindLine,A371,脑海中的声音,他顿了顿继续说下去。\n假如你足够敏锐，就会在他低垂的眼中发现某种……情绪。,,,,,,,,
A371,NarrationLine,A372,和善的青年,在我眼里调酒师就像没有宗教疆界的神父一样。,,,,,,,,
A372,ChooseLine,,,,,,,,,,,
A373,ChoiceLine,A376,选项1,“等等，像什么……？”,,,,,,,,
A374,ChoiceLine,A377,选项2,“我可不祷告。”,,,,,,,,
A375,ChoiceLine,A379,选项3,“那我让你失望了。”,,,,,,,,
A376,NarrationLine,A380,和善的青年,像听取人们告解的神职人员那样，只不过是没有神职的那种。,,,,,,,,
A377,MindLine,A378,脑海中的声音,不仅如此，\n许多宗教还对酒有严格的限制。,,,,,,,,
A378,MindLine,A380,脑海中的声音,假设有地狱存在的话，\n假设那里有你的位置，\n你也不会太意外。,,,,,,,,
A379,NarrationLine,A380,和善的青年,没有的事，您非常称职。,,,,,,,,
A380,NarrationLine,A381,和善的青年,归根结底只是一种虚构的幻想和比喻。,,,,,,,,
A381,ChooseLine,,,,,,,,,,,
A382,ChoiceLine,A383,选项（仅1个）,“比喻？”,,,,,,,,
A383,NarrationLine,A384,和善的青年,您接待客人进入特定的空间中、提供具有仪式意义的物品和接待，\n让他们放松下来，然后谈话。,,,,,,,,
A384,NarrationLine,A385,和善的青年,往往是关于他们个人生活的，有些涉及到烦恼和困境，\n有些则是纾解或者说是一种……告解。,,,,,,,,
A385,MindLine,A386,脑海中的声音,和调酒师谈心算不上一个好主意，\n但在很多情况下显然是最便利的。,,,,,,,,
A386,NarrationLine,A387,和善的青年,我相信人是无法背负沉默生活下去的，情绪和秘密需要一个特定的、\n与他们的世俗生活无关的存放处，即使对于无信仰的人也是如此。,,,,,,,,
A387,MindLine,A388,脑海中的声音,所以你售卖的是瓶装赎罪券、\n便携式告解室。,,,,,,,,
A388,NarrationLine,A389,,“那么您想忏悔什么呢……？”,,,,,,,,
A389,NarrationLine,A390,和善的青年,嗯？,,,,,,,,
A390,MindLine,A391,脑海中的声音,他露出意外的神情，\n从虚构的预设中脱离出来。\n他只是在描述一个以你为原型、\n经过了过度加工的角色，\n未曾料想你会进入角色。,,,,,,,,
A391,NarrationLine,A392,和善的青年,我要一杯【树洞】。,,,,,,,,
A392,MindLine,A393,脑海中的声音,很应景的点单，但你恐怕难以完成。,,,,,,,,
A393,ChooseLine,,,,,,,,,,,
A394,ChoiceLine,A396,选项1,“一杯树洞，马上来。”,,,,,,,,
A395,ChoiceLine,A398,选项2,“抱歉，这款酒下架了。”,,,,,,,,
A396,MindLine,A397,脑海中的声音,树洞的配方就在本子里，\n但那是几句莫名其妙的诗，\n标注了比例，却不是可执行的配方。,,,,,,,,
A397,MindLine,A398,脑海中的声音,试试看吧。,,,,,,,,
A398,NarrationLine,A399,和善的青年,下架了……真是可惜。,,,,,,,,
A399,ChooseLine,,,,,,,,,,,
A400,ChoiceLine,A401,选项（仅1个）,“是的，不再供应了。”,,,,,,,,
A401,NarrationLine,A402,和善的青年,我能问问为什么吗？,,,,,,,,
A402,MindLine,A403,脑海中的声音,看起来他真的很喜欢这款特调，\n即使价格翻倍他也会买单的，\n而遗憾的是——,,,,,,,,
A403,ChooseLine,,,,,,,,,,,
A404,ChoiceLine,A405,选项（仅1个）,“其实……”,,,,,,,,
A405,ChooseLine,,,,,,,,,,,
A406,ChoiceLine,A407,选项（仅1个）,“我把配方搞丢了。”,,,,,,,,
A407,MindLine,A408,脑海中的声音,配方就在本子里，\n但那是几句莫名其妙的诗，\n不是可执行的配方。,,,,,,,,
A408,MindLine,A409,脑海中的声音,你不太可能通过盲目尝试复现出来。,,,,,,,,
A409,NarrationLine,A410,和善的青年,搞丢了……吗？,HumanChange,"0,thalen_wonder",,,,,,
A410,NarrationLine,A411,和善的青年,我只记得一小部分。,HumanChange,"0,thalen_think",,,,,,
A411,NarrationLine,A412,和善的青年,依次是葡萄酒、夏翠丝和白兰地。,HumanChange,"0,thalen_think",,,,,,
A412,MindLine,A413,脑海中的声音,如果顺序没错的话，\n最后加入的白兰地略多一点。,,,,,,,,
A413,NarrationLine,A414,和善的青年,还有一种我不知道的原料，您总是神神秘秘的。,HumanChange,"0,thalen",,,,,,
A414,NarrationLine,A415,和善的青年,可能是固体的。,HumanChange,"0,thalen_think",,,,,,
A415,MindLine,A416,脑海中的声音,固体原料就不需要标注体积了。,,,,,,,,
A416,ChooseLine,,,,,,,,,,,
A417,ChoiceLine,A418,选项（仅1个）,“缺少的是‘永恒之物’。”,,,,,,,,
A418,NarrationLine,A419,和善的青年,永恒吗……,HumanChange,"0,thalen_wonder",,,,,,
A419,NarrationLine,A420,和善的青年,真是难猜啊。,HumanChange,"0,thalen",,,,,,
A420,NarrationLine,A421,和善的青年,世间没有什么是永恒的。\n非要说永恒不变的，就只有变化本身吧。,,,,,,,,
A421,MindLine,A422,脑海中的声音,试试看吧。,,,,,,,,
A422,GameLine,A423,,调酒流程,,,,,,,,
A423,ControlLine,,,"正确调酒->A424, 错误调酒->A499",,,,,,,,
A424,NarrationLine,A425,和善的青年,就是这个味道。,,,,,,,,
A425,MindLine,A426,脑海中的声音,他试过不加触媒的版本吗？,,,,,,,,
A426,MindLine,A427,脑海中的声音,盐、苦精、咖啡豆、莓果……\n大部分时候，触媒指的是叫得出名字的配料，如果是这些，单从味道上也能判断出来。\n无法从味道上判断的是无形之物。,,,,,,,,
A427,NarrationLine,A428,和善的青年,所以什么才是永恒之物呢？,HumanChange,"0,thalen_wonder",,,,,,
A428,NarrationLine,A429,和善的青年,啊，不用告诉我商业配方，我会再来的。,HumanChange,"0,thalen",,,,,,
A429,NarrationLine,A430,和善的青年,敬调酒师的好点子。,,,,,,,,
A430,MindLine,A431,脑海中的声音,按照配方上玄而又玄的介绍，\n“树洞”有保存记忆的奇妙功效。,,,,,,,,
A431,MindLine,A432,脑海中的声音,正好这里有个失忆的人，\n怎么会有这么巧的事？,,,,,,,,
A432,MindLine,A433,脑海中的声音,你应该给自己来一杯试试！,,,,,,,,
A433,MindChooseLine,,,,,,,,,,,
A434,ChoiceLine,A435,脑海选项,给自己调一杯【树洞】,,,,,,,,
A435,ChoiceLine,A466,脑海选项,下次……,,,,,,,,
A436,GameLine,A437,,调酒流程,,,,,,,,
A437,NarrationLine,A438,和善的青年,干杯。,Style,Utopia,HumanLoad,"0,thalen",,,,
A438,ChooseLine,,,,,,,,,,,
A439,ChoiceLine,A440,选项（仅1个）,干杯！,,,,,,,,
A440,MindLine,A441,脑海中的声音,味道很怪，香味起先像刚修剪过的草坪，然后像是潮湿的木材。,,,,,,,,
A441,MindLine,A442,脑海中的声音,很难说喜欢这款酒的客人和发明它的你，谁的品味更奇怪。,,,,,,,,
A442,MindLine,A443,脑海中的声音,度数不算低，酒精给予了恰到好处的刺激，尝起来就像彩色蜡笔。,,,,,,,,
A443,MindChooseLine,,,,,,,,,,,
A444,ChoiceLine,A446,脑海选项,就像彩色蜡笔？,,,,,,,,
A445,ChoiceLine,A447,脑海选项,……诡异得过分,,,,,,,,
A446,NarrationLine,A447,,不是味如嚼蜡，它有着彩色的口感。,,,,,,,,
A447,NarrationLine,A448,,你是不是喝醉了？,,,,,,,,
A448,ChooseLine,,,,,,,,,,,
A449,ChoiceLine,A450,选项（仅1个）,我没醉。,,,,,,,,
A450,NarrationLine,A451,,没醉的话，为什么你感……到一阵，……悲 伤、？,,,,,,,,
A451,MindLine,A452,脑海中的声音,像放到过期忘了吃的漂亮点心。,,,,,,,,
A452,NarrationLine,A453,,像打翻在地的甜牛奶。,,,,,,,,
A453,MindLine,A454,脑海中的声音,像喉头的哽咽。,,,,,,,,
A454,NarrationLine,A455,,像在你怀中死去的小动物。,,,,,,,,
A455,MindLine,A456,脑海中的声音,它毛绒绒的。,,,,,,,,
A456,NarrationLine,A457,,你追悔莫及。,,,,,,,,
A457,MindLine,A458,脑海中的声音,好吧，确实有一点。,,,,,,,,
A458,NarrationLine,A459,,你凝神去观察客人，神色如常。【树洞】绝对称不上烈酒。,,,,,,,,
A459,NarrationLine,A460,,但愿你没有表现出醉态。,,,,,,,,
A460,MindLine,A461,脑海中的声音,你没醉，只是有点难过。,,,,,,,,
A461,NarrationLine,A462,,你们之间的区别是什么呢？,,,,,,,,
A462,MindLine,A463,脑海中的声音,如果树洞可以保存记忆，\n你用树洞保存了悲伤的情绪，\n只有情绪，没有线索。,,,,,,,,
A463,MindLine,A464,脑海中的声音,你藏酒、酿酒，\n未来的某一天再把悲伤拿出来品尝。\n你大可等准备好了再来品尝它。,,,,,,,,
A464,MindLine,A465,脑海中的声音,你幻想中的朋友摇了摇头，\n“计划赶不上变化。”,,,,,,,,
A465,MindLine,A466,脑海中的声音,你想问……,,,,,,,,
A466,ChooseLine,,,,,,,,,,,
A467,ChoiceLine,A468,选项（仅1个）,“什么才称得上永恒之物？”,,,,,,,,
A468,NarrationLine,A469,和善的青年,这个问题需要定义。,HumanChange,"0,thalen_wonder",,,,,,
A469,NarrationLine,A470,和善的青年,是说不变的东西，还是不会消失的东西就行？,,,,,,,,
A470,NarrationLine,A471,和善的青年,"如果认定形状改变不影响本质的话，什么都可以说是永恒的，
问题也没有指向性了。",HumanChange,"0,thalen",,,,,,
A471,NarrationLine,A472,和善的青年,至于不变的永恒之物……,HumanChange,"0,thalen_wonder",,,,,,
A472,NarrationLine,A473,和善的青年,我认为是瞬间的错觉。,HumanChange,"0,thalen",,,,,,
A473,ChooseLine,,,,,,,,,,,
A474,ChoiceLine,A477,选项1,“瞬间的错觉？”,,,,,,,,
A475,ChoiceLine,A477,选项2,“那不就是不存在。”,,,,,,,,
A476,ChoiceLine,A495,选项3,点头接受这个答案。,,,,,,,,
A477,NarrationLine,A478,和善的青年,我曾经见过一座碑刻，因为时间久远，已经风化开裂了。,,,,,,,,
A478,NarrationLine,A479,和善的青年,所幸大部分的字还能识别。,,,,,,,,
A479,NarrationLine,A480,和善的青年,“永恒”的字样上方裂开口子，成了一窝小鸟的巢。,,,,,,,,
A480,NarrationLine,A481,和善的青年,过去的人抱着何种心情刻下这个字？,,,,,,,,
A481,NarrationLine,A482,和善的青年,那时候我意识到，发明和后继使用这个词汇的人都是人类而非神明，\n从寿命有限的人类口中说出，也许一开始就不是指向时间的永恒。,,,,,,,,
A482,NarrationLine,A483,和善的青年,永恒是一个程度副词。用以形容深刻和强烈。,,,,,,,,
A483,MindLine,A484,脑海中的声音,很熟悉，\n你可能在哪里听过类似的论调。,,,,,,,,
A484,NarrationLine,A485,和善的青年,永恒的仇恨、爱、遗憾……或是像春天永远不会再来的寒冷。,,,,,,,,
A485,NarrationLine,A486,和善的青年,您认为呢？,,,,,,,,
A486,ChooseLine,,,,,,,,,,,
A487,ChoiceLine,A490,选项1-a,“感觉像戏剧或者诗歌的选段。”,,,,,,,,
A488,ChoiceLine,A492,选项1-b,“不好说，对我有点太诗意了。”,,,,,,,,
A489,ChoiceLine,A495,选项1-c,“我只认同到错觉那部分。”,,,,,,,,
A490,NarrationLine,A491,和善的青年,这是我的一点小爱好。,,,,,,,,
A491,MindLine,A497,脑海中的声音,可能是读者，也可能是作者。,,,,,,,,
A492,NarrationLine,A493,和善的青年,是我说得太故弄玄虚了。,,,,,,,,
A493,NarrationLine,A494,和善的青年,反正永恒的含义是非常主观的问题。,,,,,,,,
A494,NarrationLine,A497,和善的青年,您肯定有自己的答案，所以才会有这样的配方。,,,,,,,,
A495,NarrationLine,A496,和善的青年,永恒的含义是非常主观的问题。,,,,,,,,
A496,NarrationLine,A497,和善的青年,您肯定有自己的答案，所以才会有这样的配方。,,,,,,,,
A497,NarrationLine,A498,和善的青年,无论是哪一种……,,,,,,,,
A498,NarrationLine,A506,和善的青年,能把遗失的配方还原真是太好了。,,,,,,,,
A499,NarrationLine,A500,和善的青年,完全不一样……,,,,,,,,
A500,NarrationLine,A501,和善的青年,这杯有点太,,,,,,,,
A501,NarrationLine,A502,和善的青年,<size=72%>（小声）它不够难喝。</size>,,,,,,,,
A502,MindLine,A503,脑海中的声音,不够什么？,,,,,,,,
A503,NarrationLine,A504,和善的青年,看来至少今天是喝不到了。,HumanChange,"0,thalen",,,,,,
A504,NarrationLine,A505,和善的青年,很多调酒配方都是灵光一现，甚至有些是意外的产品。,HumanChange,"0,thalen_wonder",,,,,,
A505,NarrationLine,A506,和善的青年,只能希望某天再意外复现了吗……,HumanChange,"0,thalen",,,,,,
A506,NarrationLine,A507,和善的青年,快到打烊时间了，那我不打扰了，老板。,,,,,,,,
A507,ChooseLine,A508,,,,,,,,,,
A508,ChoiceLine,A509,选项（仅1个）,“再见……呃，”,,,,,,,,
A509,MindLine,A510,脑海中的声音,你下意识地回答，后半句中会出现称呼的那种语气。\n但是你怎么称呼他呢？\n再见，客人。听起来怪怪的。\n再见，不知道名字的客人？,,,,,,,,
A510,NarrationLine,A511,和善的青年,塔伦（Thalen），我的中间名。,,,,,,,,
A511,MindLine,A512,脑海中的声音,他是如此善解人意。,,,,,,,,
A512,ControlLine,A513,,（关门声）,,,,,,,,
A513,NarrationLine,A514,,下班！,,,,,,,,
A514,ControlLine,A515,,,,,,,,,,
